{
  "report": {
    "time": 1730680800
  },
  "observations": [
    {
      "observation": "outTemp",
      "label": "Température extérieure",
      "unit": "°C",
      "current": -0.011999999999999665,
      "min": -3.393999999999999,
      "minTime": 1730632800,
      "max": 6.702,
      "maxTime": 1730662500,
      "past24h": [
        [1730590800, 2.100208333333333],
        [1730594400, 0.5196666666666674],
        [1730598000, -0.4532638888888899],
        [1730601600, -0.9952916666666687],
        [1730605200, -1.751166666666667],
        [1730608800, -2.189680555555555],
        [1730612400, -2.134645833333335],
        [1730619600, -2.5939166666666678],
        [1730623200, -2.537333333333333],
        [1730626800, -2.498833333333334],
        [1730630400, -3.1803333333333326],
        [1730634000, -2.7273333333333323],
        [1730637600, 0.31766666666666843],
        [1730641200, 1.4448333333333352],
        [1730644800, 2.5436249999999996],
        [1730648400, 3.365499999999998],
        [1730652000, 4.388750000000003],
        [1730655600, 5.458958333333332],
        [1730659200, 6.088833333333332],
        [1730662800, 6.091333333333336],
        [1730666400, 3.700583333333331],
        [1730670000, 1.2689722222222244],
        [1730673600, 0.612833333333336],
        [1730677200, 0.03033333333333369]
      ]
    },
    {
      "observation": "appTemp",
      "label": "Température ressentie",
      "unit": "°C",
      "current": -2.3495740987514067,
      "min": -6.18662707949125,
      "minTime": 1730632800,
      "max": 3.960448085085654,
      "maxTime": 1730662500,
      "past24h": [
        [1730590800, -0.3750084460557998],
        [1730594400, -1.9874506565731545],
        [1730598000, -3.141271932973419],
        [1730601600, -3.6174789457161833],
        [1730605200, -4.329891139380562],
        [1730608800, -4.9123491570552185],
        [1730612400, -4.922764180373096],
        [1730619600, -5.365919350562773],
        [1730623200, -5.49043935616294],
        [1730626800, -5.358775136298678],
        [1730630400, -5.962698348645588],
        [1730634000, -5.550488624706538],
        [1730637600, -2.416193219769153],
        [1730641200, -1.5280042037274613],
        [1730644800, -0.48661732408213254],
        [1730648400, 0.0912636883116649],
        [1730652000, 1.2661713121500797],
        [1730655600, 2.1379828303781974],
        [1730659200, 3.007423448262286],
        [1730662800, 3.2451907760214223],
        [1730666400, 1.2491496207267891],
        [1730670000, -1.172188363701802],
        [1730673600, -1.8005394232715213],
        [1730677200, -2.3469567922862584]
      ]
    },
    {
      "observation": "outHumidity",
      "label": "Humidité extérieure",
      "unit": "%",
      "current": 83.336,
      "min": 48.044,
      "minTime": 1730662500,
      "max": 92.35799999999999,
      "maxTime": 1730632800,
      "past24h": [
        [1730590800, 72.18091666666668],
        [1730594400, 78.20545833333334],
        [1730598000, 81.89405555555555],
        [1730601600, 82.95379166666666],
        [1730605200, 86.68941666666666],
        [1730608800, 88.58130555555556],
        [1730612400, 88.66341666666666],
        [1730619600, 90.43270833333334],
        [1730623200, 88.90283333333333],
        [1730626800, 88.1185],
        [1730630400, 91.38729166666667],
        [1730634000, 89.33116666666666],
        [1730637600, 76.97666666666667],
        [1730641200, 71.96333333333332],
        [1730644800, 65.28775],
        [1730648400, 61.42883333333333],
        [1730652000, 57.073930555555556],
        [1730655600, 52.558875],
        [1730659200, 49.77866666666667],
        [1730662800, 50.303999999999995],
        [1730666400, 62.45758333333333],
        [1730670000, 72.96827777777777],
        [1730673600, 79.03066666666666],
        [1730677200, 83.31566666666667]
      ]
    },
    {
      "observation": "windDir",
      "label": "Direction du vent",
      "unit": "°",
      "current": 186.74874854108828,
      "currentCompass": "S",
      "max": 271.13675883966505,
      "maxCompass": "O",
      "maxLabel": "généralement",
      "past24h": [
        [1730590800, 263.4810658239356],
        [1730594400, 259.0223127629339],
        [1730598000, 245.46273149666612],
        [1730601600, 272.7088522365086],
        [1730605200, 276.1246797026848],
        [1730608800, 258.099264230512],
        [1730612400, 250.84881452867535],
        [1730619600, 241.97073382551136],
        [1730623200, 258.54574525460527],
        [1730626800, 241.80642852090136],
        [1730630400, 228.3007654509532],
        [1730634000, 234.42469499216807],
        [1730637600, 283.86273056887984],
        [1730641200, 184.70146266351438],
        [1730644800, 241.57738513116703],
        [1730648400, 295.4049306727945],
        [1730652000, 255.77113639320032],
        [1730655600, 295.59157188586084],
        [1730659200, 280.85100497510814],
        [1730662800, 263.52551412878563],
        [1730666400, 216.48440144636524],
        [1730670000, 208.9311191050273],
        [1730673600, 192.44987024625948],
        [1730677200, 176.9720819160982]
      ]
    },
    {
      "observation": "windSpeed",
      "label": "Vitesse du vent",
      "unit": " km/h",
      "current": 0.07734672689757699,
      "min": 0.0,
      "minTime": 1730671200,
      "max": 7.548018760485669,
      "maxTime": 1730652000,
      "past24h": [
        [1730590800, 0.8594547677406823],
        [1730594400, 0.7319476839064742],
        [1730598000, 1.462220927560927],
        [1730601600, 0.9065232716050134],
        [1730605200, 0.5915304176082644],
        [1730608800, 1.2472838018592782],
        [1730612400, 1.6229094335799734],
        [1730619600, 1.4288204686047454],
        [1730623200, 2.260624039799251],
        [1730626800, 1.7358832618798294],
        [1730630400, 1.2294751337637968],
        [1730634000, 1.5182635222880345],
        [1730637600, 1.6468682440656326],
        [1730641200, 2.990929491444375],
        [1730644800, 3.129214036434011],
        [1730648400, 4.366600413174546],
        [1730652000, 3.5719670359613174],
        [1730655600, 4.530976491268994],
        [1730659200, 3.213049985047807],
        [1730662800, 2.0875092437605],
        [1730666400, 0.43997454975880834],
        [1730670000, 0.26578632679875586],
        [1730673600, 0.3968591434683708],
        [1730677200, 0.30602765549303385]
      ]
    },
    {
      "observation": "windGust",
      "label": "Vitesse des rafales",
      "unit": " km/h",
      "current": 1.1520028632855706,
      "min": 0.0,
      "minTime": 1730671200,
      "max": 14.256035433158937,
      "maxTime": 1730659200,
      "past24h": [
        [1730590800, 2.214005502876956],
        [1730594400, 2.0760051598792053],
        [1730598000, 2.6340065467831537],
        [1730601600, 2.3910059428088535],
        [1730605200, 2.0700051449662595],
        [1730608800, 2.5770064051101698],
        [1730612400, 2.9520073371692748],
        [1730619600, 2.847007076192725],
        [1730623200, 3.7080092162004306],
        [1730626800, 3.318008246858961],
        [1730630400, 2.682006666086719],
        [1730634000, 3.339008299054271],
        [1730637600, 4.410010961015075],
        [1730641200, 6.798016896367456],
        [1730644800, 7.161017798600669],
        [1730648400, 9.408023383498826],
        [1730652000, 9.348023234369371],
        [1730655600, 10.038024949358123],
        [1730659200, 6.810016926193346],
        [1730662800, 5.664014077820722],
        [1730666400, 2.1210052717262977],
        [1730670000, 1.7550043620366116],
        [1730673600, 2.1660053835733906],
        [1730677200, 1.7970044664272313]
      ]
    },
    {
      "observation": "rainRate",
      "label": "Taux de précipitations",
      "unit": " mm/h",
      "current": 0.0,
      "max": 0.0,
      "maxTime": 1730591100,