{
  "report": {
    "time": 1730943000
  },
  "observations": [
    {
      "observation": "outTemp",
      "label": "Température extérieure",
      "unit": "°C",
      "current": 14.455999999999996,
      "min": 14.455999999999996,
      "minTime": 1730943000,
      "max": 22.112000000000005,
      "maxTime": 1730919900,
      "graph": [
        [1730856600, 17.061],
        [1730860200, 17.099833333333333],
        [1730863800, 17.386],
        [1730867400, 17.79154166666666],
        [1730871000, 17.35354166666667],
        [1730874600, 17.035833333333333],
        [1730878200, 16.939333333333334],
        [1730881800, 17.025499999999994],
        [1730885400, 17.176000000000002],
        [1730889000, 17.742458333333335],
        [1730892600, 18.50170833333333],
        [1730896200, 20.013833333333334],
        [1730899800, 20.233999999999998],
        [1730903400, 20.53679166666667],
        [1730907000, 21.27804166666667],
        [1730910600, 21.221916666666665],
        [1730914200, 21.832041666666665],
        [1730917800, 21.359749999999995],
        [1730921400, 20.385277777777777],
        [1730925000, 19.667805555555557],
        [1730928600, 18.849],
        [1730932200, 17.192819444444446],
        [1730935800, 16.098625000000002],
        [1730939400, 15.338541666666666]
      ]
    },
    {
      "observation": "appTemp",
      "label": "Température ressentie",
      "unit": "°C",
      "current": 14.345265648554696,
      "min": 14.345265648554696,
      "minTime": 1730943000,
      "max": 23.09942432459449,
      "maxTime": 1730909100,
      "graph": [
        [1730856600, 16.442427345506676],
        [1730860200, 16.4611617036303],
        [1730863800, 16.72990851456354],
        [1730867400, 17.30067450566805],
        [1730871000, 17.194051593057143],
        [1730874600, 16.74501821149772],
        [1730878200, 16.614811086732225],
        [1730881800, 16.43594172054424],
        [1730885400, 16.662638265901943],
        [1730889000, 17.475490463154546],
        [1730892600, 18.429371757122407],
        [1730896200, 20.30736066932989],
        [1730899800, 20.687691608873493],
        [1730903400, 21.07495894780051],
        [1730907000, 22.121723717359277],
        [1730910600, 22.244775588584286],
        [1730914200, 21.656855791927295],
        [1730917800, 20.710082990994426],
        [1730921400, 19.76966626287845],
        [1730925000, 18.87422905470772],
        [1730928600, 18.229609026280535],
        [1730932200, 16.222876651529806],
        [1730935800, 14.983544769360588],
        [1730939400, 14.80717968193562]
      ]
    },
    {
      "observation": "outHumidity",
      "label": "Humidité extérieure",
      "unit": "%",
      "current": 75.03800000000001,
      "min": 55.096000000000004,
      "minTime": 1730925000,
      "max": 80.79400000000001,
      "maxTime": 1730889000,
      "graph": [
        [1730856600, 77.72983333333333],
        [1730860200, 77.53883333333333],
        [1730863800, 76.6465],
        [1730867400, 75.40958333333333],
        [1730871000, 77.223125],
        [1730874600, 78.63266666666667],
        [1730878200, 79.2845],
        [1730881800, 79.711],
        [1730885400, 79.95366666666666],
        [1730889000, 78.85679166666667],
        [1730892600, 77.19170833333334],
        [1730896200, 76.47358333333334],
        [1730899800, 78.27283333333334],
        [1730903400, 77.81904166666666],
        [1730907000, 76.08616666666667],
        [1730910600, 73.472375],
        [1730914200, 61.741791666666664],
        [1730917800, 59.084916666666665],
        [1730921400, 58.514486111111104],
        [1730925000, 57.03352777777778],
        [1730928600, 58.19679166666666],
        [1730932200, 67.28505555555556],
        [1730935800, 67.106125],
        [1730939400, 69.67120833333333]
      ]
    },
    {
      "observation": "windDir",
      "label": "Direction du vent",
      "unit": "°",
      "current": 73.26883767836443,
      "currentCompass": "ENE",
      "avg": 230.16410028912023,
      "avgCompass": "SO",
      "avgLabel": "généralement",
      "graph": [
        [1730856600, 174.42193811173706],
        [1730860200, 177.63264194505112],
        [1730863800, 180.66027023848747],
        [1730867400, 192.553352130995],
        [1730871000, 190.12229921152553],
        [1730874600, 190.90183854415852],
        [1730878200, 189.51518455388282],
        [1730881800, 182.51621480366956],
        [1730885400, 184.7722231130543],
        [1730889000, 186.76571348643438],
        [1730892600, 202.29155287698902],
        [1730896200, 237.40039813528253],
        [1730899800, 253.60440200476413],
        [1730903400, 256.30924280191897],
        [1730907000, 251.06044197595756],
        [1730910600, 275.84134345864896],
        [1730914200, 293.98670975970816],
        [1730917800, 302.2347103197914],
        [1730921400, 303.76531996367777],
        [1730925000, 307.5380831194802],
        [1730928600, 312.1231473871334],
        [1730932200, 326.95541840904895],
        [1730935800, 321.2313922233905],
        [1730939400, 241.80590476200496]
      ]
    },
    {
      "observation": "windSpeed",
      "label": "Vitesse du vent",
      "unit": " km/h",
      "current": 0.9234022951023403,
      "min": 0.9234022951023403,
      "minTime": 1730943000,
      "max": 11.387416058351215,
      "maxTime": 1730903700,
      "graph": [
        [1730856600, 8.211672229724462],
        [1730860200, 8.314752475939953],
        [1730863800, 8.570965354197998],
        [1730867400, 7.961212950111708],
        [1730871000, 6.1577357603550045],
        [1730874600, 6.782221448003837],
        [1730878200, 7.011467157040007],
        [1730881800, 8.656174550120554],
        [1730885400, 8.595088583798805],
        [1730889000, 7.912971525006075],
        [1730892600, 7.636689207447704],
        [1730896200, 8.2228526512126],
        [1730899800, 8.52802985978305],
        [1730903400, 8.49591182055222],
        [1730907000, 7.664886422193975],
        [1730910600, 5.4969981095448786],
        [1730914200, 7.679271670162962],
        [1730917800, 8.191635250496518],
        [1730921400, 6.3142915076098385],
        [1730925000, 5.625463345905547],
        [1730928600, 4.058341476516892],
        [1730932200, 6.749147382220658],
        [1730935800, 5.955341055687619],
        [1730939400, 2.715134688909397]
      ]
    },
    {
      "observation": "windGust",
      "label": "Vitesse des rafales",
      "unit": " km/h",
      "current": 5.940014763816223,
      "min": 5.724014226950179,
      "minTime": 1730941200,
      "max": 28.26007023997415,
      "maxTime": 1730903100,
      "graph": [
        [1730856600, 15.129037602992533],
        [1730860200, 16.20304027240981],
        [1730863800, 15.975039705717872],
        [1730867400, 16.959042151440965],
        [1730871000, 12.681031518510695],
        [1730874600, 14.202035298942423],
        [1730878200, 14.05803494103173],
        [1730881800, 16.515041047882985],
        [1730885400, 15.861039422371906],
        [1730889000, 15.648038892962333],
        [1730892600, 15.141037632818424],
        [1730896200, 19.092047452993153],
        [1730899800, 21.15905259050294],
        [1730903400, 21.165052605415887],
        [1730907000, 19.089047445536682],
        [1730910600, 15.327038095119741],
        [1730914200, 17.379043195347162],
        [1730917800, 17.32204305367418],
        [1730921400, 13.935034635316342],
        [1730925000, 13.122032614612202],
        [1730928600, 9.405023376042354],
        [1730932200, 15.909039541675472],
        [1730935800, 13.485033516845416],
        [1730939400, 7.938019729827134]
      ]
    },
    {
      "observation": "rainRate",
      "label": "Taux de précipitations",
      "unit": " mm/h",
      "current": 0.0,
      "max": 1.0449635247524753,
      "maxTime": 1730897100,