{
  "report": {
    "time": 1730658600
  },
  "observations": [
    {
      "observation": "outTemp",
      "label": "Température extérieure",
      "unit": "°C",
      "current": 5.576,
      "min": -3.393999999999999,
      "minTime": 1730632800,
      "max": 5.758000000000002,
      "maxTime": 1730658300,
      "past24h": [
        [1730568600, 4.285375000000001],
        [1730572200, 4.391208333333334],
        [1730575800, 4.265],
        [1730579400, 3.624374999999998],
        [1730583000, 3.0130000000000003],
        [1730586600, 2.7738333333333327],
        [1730590200, 2.2136666666666667],
        [1730593800, 0.8423750000000001],
        [1730597400, -0.38822222222222336],
        [1730601000, -0.8823333333333336],
        [1730604600, -1.6268333333333354],
        [1730608200, -2.2179722222222233],
        [1730611800, -2.0865833333333326],
        [1730619000, -2.5802500000000013],
        [1730622600, -2.5845000000000002],
        [1730626200, -2.4201666666666672],
        [1730629800, -3.0946666666666682],
        [1730633400, -3.019666666666667],
        [1730637000, -0.08599999999999891],
        [1730640600, 1.3023333333333338],
        [1730644200, 2.3314583333333356],
        [1730647800, 3.2771666666666652],
        [1730651400, 4.1474583333333355],
        [1730655000, 5.351416666666668]
      ]
    },
    {
      "observation": "appTemp",
      "label": "Température ressentie",
      "unit": "°C",
      "current": 2.0990031479733733,
      "min": -6.18662707949125,
      "minTime": 1730632800,
      "max": 2.5252064761394837,
      "maxTime": 1730658300,
      "past24h": [
        [1730568600, 1.2356921587856935],
        [1730572200, 1.0927146018555294],
        [1730575800, 1.1080597356255555],
        [1730579400, 0.4281246279887638],
        [1730583000, 0.4424596252540485],
        [1730586600, 0.38681123665060035],
        [1730590200, -0.21036321267951014],
        [1730593800, -1.6755384171594951],
        [1730597400, -3.0279349615362783],
        [1730601000, -3.542987752599118],
        [1730604600, -4.214335603498416],
        [1730608200, -4.912190706218287],
        [1730611800, -4.865558982954005],
        [1730619000, -5.350881958859433],
        [1730622600, -5.525649320776696],
        [1730626200, -5.291493907152431],
        [1730629800, -5.889685290651712],
        [1730633400, -5.854352107311995],
        [1730637000, -2.8001691388218495],
        [1730640600, -1.6397808887597263],
        [1730644200, -0.6622136629237849],
        [1730647800, 0.06447606734255767],
        [1730651400, 0.967890634714246],
        [1730655000, 2.048476328780341]
      ]
    },
    {
      "observation": "outHumidity",
      "label": "Humidité extérieure",
      "unit": "%",
      "current": 51.762,
      "min": 51.42999999999999,
      "minTime": 1730658300,
      "max": 92.35799999999999,
      "maxTime": 1730632800,
      "past24h": [
        [1730568600, 61.80508333333333],
        [1730572200, 59.65295833333334],
        [1730575800, 59.41683333333333],
        [1730579400, 60.8975],
        [1730583000, 63.50749999999999],
        [1730586600, 67.00716666666666],
        [1730590200, 72.0275],
        [1730593800, 76.72604166666666],
        [1730597400, 81.77805555555555],
        [1730601000, 82.51429166666667],
        [1730604600, 86.18025],
        [1730608200, 88.53930555555554],
        [1730611800, 88.49941666666666],
        [1730619000, 90.40570833333334],
        [1730622600, 89.41633333333334],
        [1730626200, 87.70383333333332],
        [1730629800, 91.131625],
        [1730633400, 90.50416666666666],
        [1730637000, 78.43133333333334],
        [1730640600, 72.94383333333333],
        [1730644200, 66.36125],
        [1730647800, 61.874],
        [1730651400, 58.050847222222224],
        [1730655000, 53.11545833333333]
      ]
    },
    {
      "observation": "windDir",
      "label": "Direction du vent",
      "unit": "°",
      "current": 342.1244301291463,
      "currentCompass": "NNO",
      "max": 288.3041554459179,
      "maxCompass": "ONO",
      "maxLabel": "généralement",
      "past24h": [
        [1730568600, 327.1764124467873],
        [1730572200, 320.0922196782481],
        [1730575800, 315.165130652485],
        [1730579400, 312.7062700865437],
        [1730583000, 283.28516673924554],
        [1730586600, 220.0359269132115],
        [1730590200, 274.19309394105784],
        [1730593800, 260.93900117693613],
        [1730597400, 243.48174358702383],
        [1730601000, 265.6306392582231],
        [1730604600, 279.16142772585766],
        [1730608200, 261.78678912967274],
        [1730611800, 249.2464047077625],
        [1730619000, 244.4304432604297],
        [1730622600, 257.40618797946087],
        [1730626200, 243.42651583027654],
        [1730629800, 231.56658437287118],
        [1730633400, 232.87378161687778],
        [1730637000, 272.89206399763805],
        [1730640600, 215.73459588930305],
        [1730644200, 209.99478335675008],
        [1730647800, 292.9421357246405],
        [1730651400, 260.91891223766794],
        [1730655000, 290.6438147714684]
      ]
    },
    {
      "observation": "windSpeed",
      "label": "Vitesse du vent",
      "unit": " km/h",
      "current": 5.277831299787491,
      "min": 0.0,
      "minTime": 1730585100,
      "max": 7.590978867262358,
      "maxTime": 1730572800,
      "past24h": [
        [1730568600, 3.806397796919917],
        [1730572200, 4.845841409402375],
        [1730575800, 4.011027903933008],
        [1730579400, 4.044904510667521],
        [1730583000, 0.8155915008244635],
        [1730586600, 0.17633803227045583],
        [1730590200, 0.6476542413136998],
        [1730593800, 0.8211979057365412],
        [1730597400, 1.240986167158984],
        [1730601000, 1.1284008907476293],
        [1730604600, 0.6622877363316453],
        [1730608200, 1.080766721316944],
        [1730611800, 1.5893176834215232],
        [1730619000, 1.42729903625182],
        [1730622600, 2.2168453595594366],
        [1730626200, 1.803067639391892],
        [1730629800, 1.321141151071971],
        [1730633400, 1.514892226780018],
        [1730637000, 1.4561675420591405],
        [1730640600, 2.860452432812005],
        [1730644200, 2.9504692555970022],
        [1730647800, 4.058110982483487],
        [1730651400, 3.866321210087503],
        [1730655000, 4.462942687217587]
      ]
    },
    {
      "observation": "windGust",
      "label": "Vitesse des rafales",
      "unit": " km/h",
      "current": 12.240030422409188,
      "min": 0.0,
      "minTime": 1730585100,
      "max": 14.076034985770566,
      "maxTime": 1730572800,
      "past24h": [
        [1730568600, 7.4880186113562095],
        [1730572200, 9.624023920364873],
        [1730575800, 8.934022205376118],
        [1730579400, 7.2570180372078],
        [1730583000, 1.9500048467073463],
        [1730586600, 1.1880029527632447],
        [1730590200, 1.9050047348602535],
        [1730593800, 2.2740056520064127],
        [1730597400, 2.3790059129829624],
        [1730601000, 2.640006561696099],
        [1730604600, 2.100005219530988],
        [1730608200, 2.51400624852424],
        [1730611800, 2.85750710229038],
        [1730619000, 2.871007135844508],
        [1730622600, 3.618008992506245],
        [1730626200, 3.405008463096673],
        [1730629800, 2.7630068674114856],
        [1730633400, 3.165007866578846],
        [1730637000, 4.029010014043024],
        [1730640600, 6.531016232741373],
        [1730644200, 6.906017164800478],
        [1730647800, 8.964022279940846],
        [1730651400, 9.861024509426226],
        [1730655000, 9.438023458063554]
      ]
    },
    {
      "observation": "rainRate",
      "label": "Taux de précipitations",
      "unit": " mm/h",
      "current": 0.0,
      "max": 0.0,
      "maxTime": 1730568900,