{
  "report": {
    "time": 1730724600
  },
  "observations": [
    {
      "observation": "outTemp",
      "label": "Température extérieure",
      "unit": "°C",
      "current": 0.9219999999999986,
      "min": -1.727999999999999,
      "minTime": 1730691000,
      "max": 6.702,
      "maxTime": 1730662500,
      "past24h": [
        [1730638200, 0.6145000000000027],
        [1730641800, 1.5727916666666688],
        [1730645400, 2.7358333333333342],
        [1730649000, 3.513833333333333],
        [1730652600, 4.621916666666665],
        [1730656200, 5.5314583333333305],
        [1730659800, 6.194166666666664],
        [1730663400, 5.878333333333335],
        [1730667000, 3.1870000000000016],
        [1730670600, 1.0918888888888902],
        [1730674200, 0.49283333333333146],
        [1730677800, -0.023749999999998925],
        [1730681400, -0.5003333333333337],
        [1730685000, -0.8724583333333334],
        [1730688600, -1.5396250000000005],
        [1730692200, -1.3599999999999983],
        [1730695800, -1.1645000000000019],
        [1730699400, 0.097666666666668],
        [1730703000, -0.5341666666666671],
        [1730706600, -0.4089166666666679],
        [1730710200, -0.06270833333333473],
        [1730713800, 0.46641666666666814],
        [1730717400, 0.5160000000000013],
        [1730721000, 0.8378333333333327]
      ]
    },
    {
      "observation": "appTemp",
      "label": "Température ressentie",
      "unit": "°C",
      "current": -1.9963212131482975,
      "min": -4.3184286231729985,
      "minTime": 1730692800,
      "max": 3.960448085085654,
      "maxTime": 1730662500,
      "past24h": [
        [1730638200, -2.1335040104168477],
        [1730641800, -1.444715172242444],
        [1730645400, -0.32499444783107534],
        [1730649000, 0.30043156654873115],
        [1730652600, 1.4541992447326122],
        [1730656200, 2.1573807468531254],
        [1730659800, 3.168926924067254],
        [1730663400, 3.1421427553379404],
        [1730667000, 0.7492815410662206],
        [1730670600, -1.3484418616937925],
        [1730674200, -1.9066243597115968],
        [1730677800, -2.4031183325376917],
        [1730681400, -2.884892082642635],
        [1730685000, -3.3777595027360556],
        [1730688600, -4.027160488483079],
        [1730692200, -3.912775913503798],
        [1730695800, -3.6311679446734955],
        [1730699400, -2.4227460638831606],
        [1730703000, -2.8899959110111517],
        [1730706600, -2.7230970732322706],
        [1730710200, -2.4080166595739505],
        [1730713800, -2.0683601362182458],
        [1730717400, -1.8181197753698461],
        [1730721000, -1.6489152426969629]
      ]
    },
    {
      "observation": "outHumidity",
      "label": "Humidité extérieure",
      "unit": "%",
      "current": 82.372,
      "min": 48.044,
      "minTime": 1730662500,
      "max": 89.832,
      "maxTime": 1730706000,
      "past24h": [
        [1730638200, 75.83733333333333],
        [1730641800, 71.10108333333334],
        [1730645400, 64.2265],
        [1730649000, 60.7075],
        [1730652600, 56.4157638888889],
        [1730656200, 51.94204166666666],
        [1730659800, 49.54916666666667],
        [1730663400, 50.97416666666666],
        [1730667000, 65.12258333333334],
        [1730670600, 74.05161111111111],
        [1730674200, 80.15483333333333],
        [1730677800, 83.546],
        [1730681400, 84.823],
        [1730685000, 85.05916666666667],
        [1730688600, 87.61541666666666],
        [1730692200, 87.35716666666667],
        [1730695800, 88.27016666666667],
        [1730699400, 82.55166666666666],
        [1730703000, 88.66266666666667],
        [1730706600, 88.32375],
        [1730710200, 87.00545833333332],
        [1730713800, 81.74197222222223],
        [1730717400, 83.5715],
        [1730721000, 82.90833333333333]
      ]
    },
    {
      "observation": "windDir",
      "label": "Direction du vent",
      "unit": "°",
      "current": 88.68511081073864,
      "currentCompass": "E",
      "max": 285.3703097010357,
      "maxCompass": "ONO",
      "maxLabel": "variable",
      "past24h": [
        [1730638200, 290.1374272819487],
        [1730641800, 169.1672382182416],
        [1730645400, 260.6471010397523],
        [1730649000, 285.2062755849171],
        [1730652600, 258.99393728443243],
        [1730656200, 303.2123627530158],
        [1730659800, 266.6728609015514],
        [1730663400, 275.78300619780254],
        [1730667000, 201.2146548587124],
        [1730670600, 202.50958147030934],
        [1730674200, 191.10006746529174],
        [1730677800, 178.48146419638212],
        [1730681400, 204.82030296466726],
        [1730685000, 177.95972598838247],
        [1730688600, 205.64664737556498],
        [1730692200, 147.1652139224234],
        [1730695800, 165.76135760772414],
        [1730699400, 133.8356853315938],
        [1730703000, 219.4201907901046],
        [1730706600, 222.12227738572437],
        [1730710200, 182.52349599558966],
        [1730713800, 125.22677182796001],
        [1730717400, 243.7342370106816],
        [1730721000, 164.9829680929144]
      ]
    },
    {
      "observation": "windSpeed",
      "label": "Vitesse du vent",
      "unit": " km/h",
      "current": 3.5606338499012016,
      "min": 0.0,
      "minTime": 1730671200,
      "max": 7.548018760485669,
      "maxTime": 1730652000,
      "past24h": [
        [1730638200, 1.7759627233438364],
        [1730641800, 3.1975628621713272],
        [1730645400, 3.2673334689718465],
        [1730649000, 4.042436100457889],
        [1730652600, 3.8424092687656173],
        [1730656200, 4.750452491318704],
        [1730659800, 2.9459187750883844],
        [1730663400, 1.5077801100375547],
        [1730667000, 0.42813760764699993],
        [1730670600, 0.27953605794320013],
        [1730674200, 0.3720413099480165],
        [1730677800, 0.3065454286159582],
        [1730681400, 0.16656704786857213],
        [1730685000, 0.5828215311503522],
        [1730688600, 0.3325233265357926],
        [1730692200, 0.7521714115781961],
        [1730695800, 0.514451442246863],
        [1730699400, 1.0025598741704234],
        [1730703000, 0.3797076694714377],
        [1730706600, 0.21300776968646865],
        [1730710200, 0.46354265624425045],
        [1730713800, 1.224957266690002],
        [1730717400, 0.4220369329833421],
        [1730721000, 1.3445218246586847]
      ]
    },
    {
      "observation": "windGust",
      "label": "Vitesse des rafales",
      "unit": " km/h",
      "current": 7.596018879789232,
      "min": 0.0,
      "minTime": 1730671200,
      "max": 14.256035433158937,
      "maxTime": 1730659200,
      "past24h": [
        [1730638200, 4.701011684292941],
        [1730641800, 7.188017865708925],
        [1730645400, 7.380018342923187],
        [1730649000, 9.48602357736712],
        [1730652600, 9.300023115065803],
        [1730656200, 10.491026075285522],
        [1730659800, 5.985014875663316],
        [1730663400, 4.779011878161235],
        [1730667000, 2.1510053462910266],
        [1730670600, 1.7520043545801387],
        [1730674200, 2.1060052344439337],
        [1730677800, 1.8390045708178508],
        [1730681400, 1.5660038922788226],
        [1730685000, 2.4120059950041637],
        [1730688600, 2.0580051151403684],
        [1730692200, 3.2250080157083034],
        [1730695800, 2.7120067406514474],
        [1730699400, 3.8520095741111264],
        [1730703000, 2.1750054059428092],
        [1730706600, 1.5690038997352955],
        [1730710200, 2.304005726571141],
        [1730713800, 4.695011669379996],
        [1730717400, 1.9140047572296721],
        [1730721000, 4.356010826798564]
      ]
    },
    {
      "observation": "rainRate",
      "label": "Taux de précipitations",
      "unit": " mm/h",
      "current": 0.0,
      "max": 0.0,
      "maxTime": 1730638500,