{
  "report": {
    "time": 1730764200
  },
  "observations": [
    {
      "observation": "outTemp",
      "label": "Température extérieure",
      "unit": "°C",
      "current": 5.791999999999997,
      "min": -1.727999999999999,
      "minTime": 1730691000,
      "max": 7.3100000000000005,
      "maxTime": 1730751300,
      "past24h": [
        [1730677800, -0.023749999999998925],
        [1730681400, -0.5003333333333337],
        [1730685000, -0.8724583333333334],
        [1730688600, -1.5396250000000005],
        [1730692200, -1.3599999999999983],
        [1730695800, -1.1645000000000019],
        [1730699400, 0.097666666666668],
        [1730703000, -0.5341666666666671],
        [1730706600, -0.4089166666666679],
        [1730710200, -0.06270833333333473],
        [1730713800, 0.46641666666666814],
        [1730717400, 0.5160000000000013],
        [1730721000, 0.8378333333333327],
        [1730724600, 1.0061250000000004],
        [1730728200, 2.3568333333333333],
        [1730731800, 3.582333333333333],
        [1730735400, 4.943791666666668],
        [1730739000, 5.326666666666667],
        [1730742600, 5.918458333333333],
        [1730746200, 6.497791666666666],
        [1730749800, 7.255624999999999],
        [1730753400, 7.078916666666666],
        [1730757000, 6.0185],
        [1730760600, 6.144249999999999]
      ]
    },
    {
      "observation": "appTemp",
      "label": "Température ressentie",
      "unit": "°C",
      "current": 3.9983544027879563,
      "min": -4.3184286231729985,
      "minTime": 1730692800,
      "max": 4.9722826252113626,
      "maxTime": 1730749800,
      "past24h": [
        [1730677800, -2.4031183325376917],
        [1730681400, -2.884892082642635],
        [1730685000, -3.3777595027360556],
        [1730688600, -4.027160488483079],
        [1730692200, -3.912775913503798],
        [1730695800, -3.6311679446734955],
        [1730699400, -2.4227460638831606],
        [1730703000, -2.8899959110111517],
        [1730706600, -2.7230970732322706],
        [1730710200, -2.4080166595739505],
        [1730713800, -2.0683601362182458],
        [1730717400, -1.8181197753698461],
        [1730721000, -1.6489152426969629],
        [1730724600, -1.7301832241484285],
        [1730728200, -0.25203997209280693],
        [1730731800, 1.1692668088238791],
        [1730735400, 2.3968119215525223],
        [1730739000, 2.8197766305730294],
        [1730742600, 3.633470559046097],
        [1730746200, 4.223023575524753],
        [1730749800, 4.6426701059439734],
        [1730753400, 4.462839996321758],
        [1730757000, 4.041613947815558],
        [1730760600, 4.233850608238825]
      ]
    },
    {
      "observation": "outHumidity",
      "label": "Humidité extérieure",
      "unit": "%",
      "current": 94.648,
      "min": 59.620000000000005,
      "minTime": 1730756400,
      "max": 94.648,
      "maxTime": 1730764200,
      "past24h": [
        [1730677800, 83.546],
        [1730681400, 84.823],
        [1730685000, 85.05916666666667],
        [1730688600, 87.61541666666666],
        [1730692200, 87.35716666666667],
        [1730695800, 88.27016666666667],
        [1730699400, 82.55166666666666],
        [1730703000, 88.66266666666667],
        [1730706600, 88.32375],
        [1730710200, 87.00545833333332],
        [1730713800, 81.74197222222223],
        [1730717400, 83.5715],
        [1730721000, 82.90833333333333],
        [1730724600, 84.88312499999999],
        [1730728200, 79.263],
        [1730731800, 72.65033333333334],
        [1730735400, 66.76466666666666],
        [1730739000, 69.570375],
        [1730742600, 70.428],
        [1730746200, 69.65841666666667],
        [1730749800, 61.88941666666667],
        [1730753400, 60.576],
        [1730757000, 82.84266666666666],
        [1730760600, 91.21241666666667]
      ]
    },
    {
      "observation": "windDir",
      "label": "Direction du vent",
      "unit": "°",
      "current": 68.8243560616105,
      "currentCompass": "ENE",
      "max": 109.74906996218155,
      "maxCompass": "ESE",
      "maxLabel": "généralement",
      "past24h": [
        [1730677800, 178.48146419638212],
        [1730681400, 204.82030296466726],
        [1730685000, 177.95972598838247],
        [1730688600, 205.64664737556498],
        [1730692200, 147.1652139224234],
        [1730695800, 165.76135760772414],
        [1730699400, 133.8356853315938],
        [1730703000, 219.4201907901046],
        [1730706600, 222.12227738572437],
        [1730710200, 182.52349599558966],
        [1730713800, 125.22677182796001],
        [1730717400, 243.7342370106816],
        [1730721000, 164.9829680929144],
        [1730724600, 107.45792429268595],
        [1730728200, 71.42643697801745],
        [1730731800, 55.0509698494842],
        [1730735400, 63.1384201234196],
        [1730739000, 68.30428082492219],
        [1730742600, 128.91636985663118],
        [1730746200, 162.82162813904696],
        [1730749800, 140.8631519927446],
        [1730753400, 140.6026850401046],
        [1730757000, 139.3953385424489],
        [1730760600, 130.3777671842415]
      ]
    },
    {
      "observation": "windSpeed",
      "label": "Vitesse du vent",
      "unit": " km/h",
      "current": 3.441608554065642,
      "min": 0.0,
      "minTime": 1730683200,
      "max": 5.661565092141968,
      "maxTime": 1730754000,
      "past24h": [
        [1730677800, 0.3065454286159582],
        [1730681400, 0.16656704786857213],
        [1730685000, 0.5828215311503522],
        [1730688600, 0.3325233265357926],
        [1730692200, 0.7521714115781961],
        [1730695800, 0.514451442246863],
        [1730699400, 1.0025598741704234],
        [1730703000, 0.3797076694714377],
        [1730706600, 0.21300776968646865],
        [1730710200, 0.46354265624425045],
        [1730713800, 1.224957266690002],
        [1730717400, 0.4220369329833421],
        [1730721000, 1.3445218246586847],
        [1730724600, 2.960231929635359],
        [1730728200, 2.5735928496395517],
        [1730731800, 1.5633354645938544],
        [1730735400, 2.3618073739956538],
        [1730739000, 2.8482844619474745],
        [1730742600, 2.279367820722473],
        [1730746200, 2.517776393879518],
        [1730749800, 3.5612645055750387],
        [1730753400, 3.2245895869024617],
        [1730757000, 2.727953959159565],
        [1730760600, 3.8547785371275203]
      ]
    },
    {
      "observation": "windGust",
      "label": "Vitesse des rafales",
      "unit": " km/h",
      "current": 7.416018432400861,
      "min": 0.0,
      "minTime": 1730683200,
      "max": 15.336038117489158,
      "maxTime": 1730760300,
      "past24h": [
        [1730677800, 1.8390045708178508],
        [1730681400, 1.5660038922788226],
        [1730685000, 2.4120059950041637],
        [1730688600, 2.0580051151403684],
        [1730692200, 3.2250080157083034],
        [1730695800, 2.7120067406514474],
        [1730699400, 3.8520095741111264],
        [1730703000, 2.1750054059428092],
        [1730706600, 1.5690038997352955],
        [1730710200, 2.304005726571141],
        [1730713800, 4.695011669379996],
        [1730717400, 1.9140047572296721],
        [1730721000, 4.356010826798564],
        [1730724600, 6.945017261734624],
        [1730728200, 5.052012556700262],
        [1730731800, 3.588008917941517],
        [1730735400, 5.061012579069682],
        [1730739000, 5.9910148905762615],
        [1730742600, 4.7370117737706146],
        [1730746200, 5.685014130016032],
        [1730749800, 8.115020169759033],
        [1730753400, 7.890019610523571],
        [1730757000, 6.498016150720171],
        [1730760600, 8.964022279940846]
      ]
    },
    {
      "observation": "rainRate",
      "label": "Taux de précipitations",
      "unit": " mm/h",
      "current": 2.50923504,
      "max": 4.458963245283017,
      "maxTime": 1730762700,