{
  "report": {
    "time": 1730916600
  },
  "observations": [
    {
      "observation": "outTemp",
      "label": "Température extérieure",
      "unit": "°C",
      "current": 21.798000000000002,
      "min": 14.248000000000003,
      "minTime": 1730830800,
      "max": 22.025,
      "maxTime": 1730914800,
      "past24h": [
        [1730830200, 14.910166666666669],
        [1730833800, 16.333166666666667],
        [1730837400, 16.61433333333333],
        [1730841000, 16.002597222222224],
        [1730844600, 16.011124999999996],
        [1730848200, 16.449166666666667],
        [1730851800, 16.931333333333335],
        [1730855400, 17.071833333333334],
        [1730859000, 17.029499999999995],
        [1730862600, 17.288833333333333],
        [1730866200, 17.750541666666667],
        [1730869800, 17.482875],
        [1730873400, 17.118],
        [1730877000, 16.937],
        [1730880600, 17.029499999999995],
        [1730884200, 17.135166666666667],
        [1730887800, 17.363958333333333],
        [1730891400, 18.393041666666672],
        [1730895000, 19.439166666666665],
        [1730898600, 20.258333333333336],
        [1730902200, 20.280166666666666],
        [1730905800, 21.299166666666665],
        [1730909400, 21.02158333333333],
        [1730913000, 21.744541666666667]
      ]
    },
    {
      "observation": "appTemp",
      "label": "Température ressentie",
      "unit": "°C",
      "current": 21.034930386063056,
      "min": 12.966581628861098,
      "minTime": 1730830500,
      "max": 23.09942432459449,
      "maxTime": 1730909100,
      "past24h": [
        [1730830200, 14.077666347137992],
        [1730833800, 15.97821677723912],
        [1730837400, 15.960045678550255],
        [1730841000, 15.138982715646874],
        [1730844600, 15.218279706510714],
        [1730848200, 15.749964717565312],
        [1730851800, 16.067499685605764],
        [1730855400, 16.40010013418745],
        [1730859000, 16.4644262537628],
        [1730862600, 16.608935474627735],
        [1730866200, 17.126651872077826],
        [1730869800, 17.29817782492976],
        [1730873400, 16.853775841160008],
        [1730877000, 16.60575710288111],
        [1730880600, 16.534737468598006],
        [1730884200, 16.606818294891585],
        [1730887800, 16.97611556106385],
        [1730891400, 18.289761073742074],
        [1730895000, 19.522061761045716],
        [1730898600, 20.777640836486565],
        [1730902200, 20.735721498778055],
        [1730905800, 22.07975567173029],
        [1730909400, 22.039956150803157],
        [1730913000, 21.973637896558955]
      ]
    },
    {
      "observation": "outHumidity",
      "label": "Humidité extérieure",
      "unit": "%",
      "current": 60.75600000000001,
      "min": 60.75600000000001,
      "minTime": 1730916600,
      "max": 84.898,
      "maxTime": 1730831100,
      "past24h": [
        [1730830200, 82.9155],
        [1730833800, 79.33908333333333],
        [1730837400, 78.21233333333333],
        [1730841000, 80.11029166666667],
        [1730844600, 81.01937500000001],
        [1730848200, 80.09666666666666],
        [1730851800, 78.337875],
        [1730855400, 77.69116666666666],
        [1730859000, 77.83333333333333],
        [1730862600, 76.94433333333333],
        [1730866200, 75.42308333333334],
        [1730869800, 76.67929166666666],
        [1730873400, 78.25999999999999],
        [1730877000, 79.14733333333334],
        [1730880600, 79.50883333333333],
        [1730884200, 79.71249999999999],
        [1730887800, 79.96045833333334],
        [1730891400, 77.216875],
        [1730895000, 76.61541666666666],
        [1730898600, 77.59383333333334],
        [1730902200, 78.6725],
        [1730905800, 75.61420833333334],
        [1730909400, 76.78920833333333],
        [1730913000, 64.35020833333333]
      ]
    },
    {
      "observation": "windDir",
      "label": "Direction du vent",
      "unit": "°",
      "current": 297.92723859794523,
      "currentCompass": "ONO",
      "max": 197.2491389011364,
      "maxCompass": "SSO",
      "maxLabel": "stable",
      "past24h": [
        [1730830200, 174.38511702400777],
        [1730833800, 185.69016914539927],
        [1730837400, 177.47359216724553],
        [1730841000, 178.41129142772607],
        [1730844600, 176.80958226951086],
        [1730848200, 175.27463367351368],
        [1730851800, 181.08864254144055],
        [1730855400, 174.26159171816246],
        [1730859000, 176.3126650186765],
        [1730862600, 179.28362500737782],
        [1730866200, 187.38286796879115],
        [1730869800, 195.82624362655062],
        [1730873400, 187.336787025127],
        [1730877000, 191.27770243326844],
        [1730880600, 184.092922520975],
        [1730884200, 184.350988281671],
        [1730887800, 182.79982996923766],
        [1730891400, 201.02206242567377],
        [1730895000, 221.9861394927549],
        [1730898600, 249.21317123322083],
        [1730902200, 258.0177567661149],
        [1730905800, 253.50360788763533],
        [1730909400, 259.50873535029285],
        [1730913000, 295.0040696980687]
      ]
    },
    {
      "observation": "windSpeed",
      "label": "Vitesse du vent",
      "unit": " km/h",
      "current": 10.207661734624134,
      "min": 4.275928995103329,
      "minTime": 1730872200,
      "max": 11.576223894479387,
      "maxTime": 1730853900,
      "past24h": [
        [1730830200, 7.517888341918781],
        [1730833800, 6.203162641755822],
        [1730837400, 7.83521873308418],
        [1730841000, 8.540096336016656],
        [1730844600, 8.470340227123732],
        [1730848200, 8.40219133577135],
        [1730851800, 9.46218619833488],
        [1730855400, 8.489851827185875],
        [1730859000, 7.919698554856871],
        [1730862600, 8.635920788694659],
        [1730866200, 8.582753907392732],
        [1730869800, 6.315651653602813],
        [1730873400, 6.656731031887421],
        [1730877000, 6.997146866345101],
        [1730880600, 8.108974950845697],
        [1730884200, 8.5244950502471],
        [1730887800, 8.26831589327533],
        [1730891400, 7.616647799441559],
        [1730895000, 8.309289530505204],
        [1730898600, 7.964589491998268],
        [1730902200, 8.768067075342389],
        [1730905800, 7.832971267963487],
        [1730909400, 6.557968956007708],
        [1730913000, 6.592594202044095]
      ]
    },
    {
      "observation": "windGust",
      "label": "Vitesse des rafales",
      "unit": " km/h",
      "current": 27.14406746616626,
      "min": 8.20802040090969,
      "minTime": 1730834100,
      "max": 28.26007023997415,
      "maxTime": 1730903100,
      "past24h": [
        [1730830200, 15.252037908707917],
        [1730833800, 12.44403092944934],
        [1730837400, 14.541036141523856],
        [1730841000, 16.650041383424263],
        [1730844600, 15.450038400835126],
        [1730848200, 15.564038684181094],
        [1730851800, 17.763044149775684],
        [1730855400, 16.155040153106246],
        [1730859000, 14.811036812606412],
        [1730862600, 16.554041144817134],
        [1730866200, 17.361043150608324],
        [1730869800, 13.77603424012328],
        [1730873400, 13.629033874756113],
        [1730877000, 14.382035746330798],
        [1730880600, 14.871036961735868],
        [1730884200, 16.440040861471164],
        [1730887800, 16.272040443908686],
        [1730891400, 14.067034963401147],
        [1730895000, 19.28704793766389],
        [1730898600, 18.8550468639318],
        [1730902200, 22.203055185355492],
        [1730905800, 19.59304869822412],
        [1730909400, 17.391043225173053],
        [1730913000, 15.957039660979037]
      ]
    },
    {
      "observation": "rainRate",
      "label": "Taux de précipitations",
      "unit": " mm/h",
      "current": 0.0,
      "max": 1.0449635247524753,
      "maxTime": 1730897100,