{
  "report": {
    "time": 1730849100
  },
  "observations": [
    {
      "observation": "outTemp",
      "label": "Température extérieure",
      "unit": "°C",
      "current": 16.331999999999997,
      "min": 5.4700000000000015,
      "minTime": 1730767500,
      "max": 16.892000000000003,
      "maxTime": 1730837700,
      "past24h": [
        [1730762700, 5.766666666666668],
        [1730766300, 5.550625000000002],
        [1730769900, 6.282541666666665],
        [1730773500, 7.227708333333334],
        [1730777100, 8.322583333333332],
        [1730780700, 8.837333333333332],
        [1730784300, 7.752166666666665],
        [1730787900, 8.113499999999997],
        [1730791500, 8.927083333333334],
        [1730795100, 9.49429166666667],
        [1730798700, 9.957083333333333],
        [1730802300, 10.318083333333337],
        [1730805900, 10.489],
        [1730809500, 10.934499999999998],
        [1730813100, 11.697291666666668],
        [1730816700, 12.347041666666666],
        [1730820300, 12.74175],
        [1730823900, 13.815541666666666],
        [1730827500, 14.321874999999997],
        [1730831100, 15.334166666666663],
        [1730834700, 16.559833333333334],
        [1730838300, 16.446805555555557],
        [1730841900, 15.950541666666664],
        [1730845500, 16.090041666666664]
      ]
    },
    {
      "observation": "appTemp",
      "label": "Température ressentie",
      "unit": "°C",
      "current": 15.445313945978706,
      "min": 2.211953356036993,
      "minTime": 1730769000,
      "max": 16.49130016270179,
      "maxTime": 1730837100,
      "past24h": [
        [1730762700, 3.8665443038958003],
        [1730766300, 2.822659341764084],
        [1730769900, 3.7174063503424764],
        [1730773500, 5.375694115607096],
        [1730777100, 6.28417917898886],
        [1730780700, 6.794271495253904],
        [1730784300, 6.2627382914449505],
        [1730787900, 6.786057075825549],
        [1730791500, 7.069077465780218],
        [1730795100, 7.445029664018234],
        [1730798700, 7.829630612827804],
        [1730802300, 8.435661862282302],
        [1730805900, 8.718089461964583],
        [1730809500, 9.214275244597472],
        [1730813100, 10.08305020710836],
        [1730816700, 10.81515252406349],
        [1730820300, 11.35254684036984],
        [1730823900, 12.698344460601316],
        [1730827500, 13.333452953558785],
        [1730831100, 14.70665118218035],
        [1730834700, 16.145328674078776],
        [1730838300, 15.73335511905847],
        [1730841900, 15.057788014743746],
        [1730845500, 15.309394929420428]
      ]
    },
    {
      "observation": "outHumidity",
      "label": "Humidité extérieure",
      "unit": "%",
      "current": 80.244,
      "min": 77.386,
      "minTime": 1730837700,
      "max": 99.546,
      "maxTime": 1730788200,
      "past24h": [
        [1730762700, 94.907375],
        [1730766300, 94.27095833333334],
        [1730769900, 87.736125],
        [1730773500, 83.27674999999999],
        [1730777100, 80.13572222222221],
        [1730780700, 83.67033333333333],
        [1730784300, 96.88233333333334],
        [1730787900, 96.867],
        [1730791500, 93.22191666666667],
        [1730795100, 91.82883333333332],
        [1730798700, 91.033125],
        [1730802300, 91.414125],
        [1730805900, 93.70654166666667],
        [1730809500, 92.27674999999999],
        [1730813100, 90.04891666666667],
        [1730816700, 88.54700000000001],
        [1730820300, 87.76175],
        [1730823900, 85.02220833333332],
        [1730827500, 84.57183333333334],
        [1730831100, 81.92633333333333],
        [1730834700, 78.50475],
        [1730838300, 78.678],
        [1730841900, 80.46116666666667],
        [1730845500, 80.92416666666666]
      ]
    },
    {
      "observation": "windDir",
      "label": "Direction du vent",
      "unit": "°",
      "current": 170.3909674292468,
      "currentCompass": "S",
      "max": 180.36741227458515,
      "maxCompass": "S",
      "maxLabel": "stable",
      "past24h": [
        [1730762700, 126.22310201668377],
        [1730766300, 145.67933579284744],
        [1730769900, 150.5880260458762],
        [1730773500, 184.30153780536648],
        [1730777100, 211.564424081449],
        [1730780700, 207.65588006941948],
        [1730784300, 186.94606093614843],
        [1730787900, 152.95934370948137],
        [1730791500, 187.63419822014984],
        [1730795100, 184.68637527129317],
        [1730798700, 187.28436770481565],
        [1730802300, 186.15251269914634],
        [1730805900, 182.14648868214638],
        [1730809500, 180.99932265419787],
        [1730813100, 188.41297150546208],
        [1730816700, 180.86558572327863],
        [1730820300, 184.70677151498603],
        [1730823900, 189.69283064920955],
        [1730827500, 185.750165160058],
        [1730831100, 178.07828177506292],
        [1730834700, 183.0897091520208],
        [1730838300, 177.50900904078523],
        [1730841900, 179.13477282309918],
        [1730845500, 174.20163112787512]
      ]
    },
    {
      "observation": "windSpeed",
      "label": "Vitesse du vent",
      "unit": " km/h",
      "current": 9.224493515573425,
      "min": 1.42380353884201,
      "minTime": 1730790000,
      "max": 11.128741946032893,
      "maxTime": 1730769000,
      "past24h": [
        [1730762700, 4.0008403481894135],
        [1730766300, 7.9428176050492185],
        [1730769900, 6.797915750498248],
        [1730773500, 3.316703605835166],
        [1730777100, 4.803826670698109],
        [1730780700, 6.021243897282628],
        [1730784300, 4.407668498777157],
        [1730787900, 3.9999158795511516],
        [1730791500, 7.032119369505846],
        [1730795100, 8.436809968379537],
        [1730798700, 9.256868031835872],
        [1730802300, 8.538757575906978],
        [1730805900, 8.679544042132186],
        [1730809500, 8.70832229803291],
        [1730813100, 8.70351011117338],
        [1730816700, 8.831417886837981],
        [1730820300, 8.46573448979151],
        [1730823900, 7.921132413766194],
        [1730827500, 7.892284425960616],
        [1730831100, 6.8315770728087255],
        [1730834700, 6.606207345824304],
        [1730838300, 8.022071296368324],
        [1730841900, 8.716359857288035],
        [1730845500, 8.503871193775296]
      ]
    },
    {
      "observation": "windGust",
      "label": "Vitesse des rafales",
      "unit": " km/h",
      "current": 15.192037759578463,
      "min": 4.284010647843216,
      "minTime": 1730778000,
      "max": 27.396068092509974,
      "maxTime": 1730804100,
      "past24h": [
        [1730762700, 9.378023308934099],
        [1730766300, 15.705039034635318],
        [1730769900, 14.031034873923472],
        [1730773500, 8.733021705792439],
        [1730777100, 10.104025113400526],
        [1730780700, 13.18203276374166],
        [1730784300, 9.060022518547978],
        [1730787900, 8.895022108441971],
        [1730791500, 13.890034523469248],
        [1730795100, 15.942039623696672],
        [1730798700, 17.361043150608324],
        [1730802300, 17.54704361290964],
        [1730805900, 16.923042061963294],
        [1730809500, 15.735039109200047],
        [1730813100, 16.095040003976788],
        [1730816700, 17.46904341904135],
        [1730820300, 17.382043202803636],
        [1730823900, 14.868036954279395],
        [1730827500, 16.176040205301554],
        [1730831100, 13.698034046254987],
        [1730834700, 13.287033024718207],
        [1730838300, 15.015037319646567],
        [1730841900, 17.32204305367418],
        [1730845500, 14.77803673058521]
      ]
    },
    {
      "observation": "rainRate",
      "label": "Taux de précipitations",
      "unit": " mm/h",
      "current": 0.0,
      "max": 4.784079800000001,
      "maxTime": 1730765700,