{
  "report": {
    "time": 1730940300
  },
  "observations": [
    {
      "observation": "outTemp",
      "label": "Température extérieure",
      "unit": "°C",
      "current": 15.597999999999999,
      "min": 15.597999999999999,
      "minTime": 1730940300,
      "max": 22.112000000000005,
      "maxTime": 1730919900,
      "past24h": [
        [1730853900, 17.0635],
        [1730857500, 17.033666666666665],
        [1730861100, 17.16783333333333],
        [1730864700, 17.51133333333333],
        [1730868300, 17.721041666666665],
        [1730871900, 17.253708333333336],
        [1730875500, 16.986],
        [1730879100, 16.968166666666665],
        [1730882700, 17.057],
        [1730886300, 17.20266666666667],
        [1730889900, 18.022833333333327],
        [1730893500, 18.8045],
        [1730897100, 20.167499999999993],
        [1730900700, 20.207166666666666],
        [1730904300, 20.844875],
        [1730907900, 21.181541666666664],
        [1730911500, 21.47308333333333],
        [1730915100, 21.714458333333337],
        [1730918700, 21.11636111111111],
        [1730922300, 20.26983333333333],
        [1730925900, 19.45068055555556],
        [1730929500, 18.589694444444444],
        [1730933100, 16.73858333333333],
        [1730936700, 15.929125000000003]
      ]
    },
    {
      "observation": "appTemp",
      "label": "Température ressentie",
      "unit": "°C",
      "current": 15.07872002312867,
      "min": 14.660114008663095,
      "minTime": 1730936700,
      "max": 23.09942432459449,
      "maxTime": 1730909100,
      "past24h": [
        [1730853900, 16.272042378462633],
        [1730857500, 16.478626795557332],
        [1730861100, 16.503892135428135],
        [1730864700, 16.893331831972755],
        [1730868300, 17.287069040748797],
        [1730871900, 17.092940939395397],
        [1730875500, 16.688746572358394],
        [1730879100, 16.616358722539733],
        [1730882700, 16.451152877238258],
        [1730886300, 16.684687093415977],
        [1730889900, 17.872510054412675],
        [1730893500, 18.68443913532405],
        [1730897100, 20.643260455518284],
        [1730900700, 20.59728710348211],
        [1730904300, 21.49879650157864],
        [1730907900, 22.08450383514577],
        [1730911500, 22.304236241103606],
        [1730915100, 21.32781378818503],
        [1730918700, 20.454419664259216],
        [1730922300, 19.623711780854034],
        [1730925900, 18.682227965372384],
        [1730929500, 17.859100707820936],
        [1730933100, 15.737494053291863],
        [1730936700, 14.992953990195572]
      ]
    },
    {
      "observation": "outHumidity",
      "label": "Humidité extérieure",
      "unit": "%",
      "current": 68.562,
      "min": 55.096000000000004,
      "minTime": 1730925000,
      "max": 80.79400000000001,
      "maxTime": 1730889000,
      "past24h": [
        [1730853900, 77.72666666666667],
        [1730857500, 77.84783333333333],
        [1730861100, 77.33333333333333],
        [1730864700, 76.21833333333333],
        [1730868300, 75.70475],
        [1730871900, 77.69329166666667],
        [1730875500, 78.86],
        [1730879100, 79.36333333333333],
        [1730882700, 79.71466666666667],
        [1730886300, 80.10083333333334],
        [1730889900, 78.12750000000001],
        [1730893500, 76.73266666666667],
        [1730897100, 77.08058333333334],
        [1730900700, 78.63916666666667],
        [1730904300, 76.88679166666667],
        [1730907900, 76.424125],
        [1730911500, 70.16995833333333],
        [1730915100, 60.76470833333334],
        [1730918700, 59.21002777777778],
        [1730922300, 57.55166666666667],
        [1730925900, 57.22181944444444],
        [1730929500, 59.73543055555555],
        [1730933100, 68.24279166666666],
        [1730936700, 67.42645833333334]
      ]
    },
    {
      "observation": "windDir",
      "label": "Direction du vent",
      "unit": "°",
      "current": 315.23353835875616,
      "currentCompass": "NO",
      "avg": 226.87023285441157,
      "avgCompass": "SO",
      "avgLabel": "généralement",
      "past24h": [
        [1730853900, 178.98795586669203],
        [1730857500, 174.571540438287],
        [1730861100, 177.27623656022203],
        [1730864700, 184.09094492220166],
        [1730868300, 194.38128945037803],
        [1730871900, 188.2982156251012],
        [1730875500, 192.9331223280318],
        [1730879100, 186.25163146243258],
        [1730882700, 182.92260543705285],
        [1730886300, 183.23781332744863],
        [1730889900, 192.72814259795913],
        [1730893500, 206.30826834325788],
        [1730897100, 244.32851726445824],
        [1730900700, 256.84446262215306],
        [1730904300, 254.49562071514447],
        [1730907900, 250.11432200059917],
        [1730911500, 286.07998488272585],
        [1730915100, 297.21022228241924],
        [1730918700, 302.06155915410164],
        [1730922300, 304.3805049239411],
        [1730925900, 309.9398356543195],
        [1730929500, 317.20161270863974],
        [1730933100, 326.37693052514345],
        [1730936700, 318.1658865689975]
      ]
    },
    {
      "observation": "windSpeed",
      "label": "Vitesse du vent",
      "unit": " km/h",
      "current": 2.6746997172323415,
      "min": 2.525149133362568,
      "minTime": 1730932200,
      "max": 11.387416058351215,
      "maxTime": 1730903700,
      "past24h": [
        [1730853900, 9.103790348419484],
        [1730857500, 7.879633295744862],
        [1730861100, 8.486839777244192],
        [1730864700, 8.433818382147518],
        [1730868300, 7.654413642469187],
        [1730871900, 6.158385725956079],
        [1730875500, 6.808437273340755],
        [1730879100, 7.225106333621349],
        [1730882700, 8.793455650829603],
        [1730886300, 8.712527117473496],
        [1730889900, 7.5404728312097165],
        [1730893500, 8.247802291653976],
        [1730897100, 7.810179802775293],
        [1730900700, 8.949334949063415],
        [1730904300, 8.121534081349678],
        [1730907900, 7.312048787911694],
        [1730911500, 5.5203957163853445],
        [1730915100, 8.142162762590385],
        [1730918700, 7.92986546457936],
        [1730922300, 5.915794750723796],
        [1730925900, 5.27338814182366],
        [1730929500, 4.833063637245797],
        [1730933100, 6.60710735939811],
        [1730936700, 4.908037535415029]
      ]
    },
    {
      "observation": "windGust",
      "label": "Vitesse des rafales",
      "unit": " km/h",
      "current": 7.452018521878534,
      "min": 5.976014853293897,
      "minTime": 1730932200,
      "max": 28.26007023997415,
      "maxTime": 1730903100,
      "past24h": [
        [1730853900, 17.7060440081027],
        [1730857500, 14.418035835808471],
        [1730861100, 16.704041517640775],
        [1730864700, 16.77604169659612],
        [1730868300, 15.876039459654269],
        [1730871900, 12.213030355300932],
        [1730875500, 14.580036238458003],
        [1730879100, 13.650033926951423],
        [1730882700, 17.169042673394063],
        [1730886300, 15.930039593870783],
        [1730889900, 15.240037878882028],
        [1730893500, 16.99504224091864],
        [1730897100, 18.24304534281134],
        [1730900700, 22.52405598319808],
        [1730904300, 19.83004928728547],
        [1730907900, 19.482048422334625],
        [1730911500, 14.007034814271693],
        [1730915100, 18.282045439745485],
        [1730918700, 16.959042151440965],
        [1730922300, 13.431033382628906],
        [1730925900, 11.970029751326631],
        [1730929500, 11.487028550834504],
        [1730933100, 15.52803859470342],
        [1730936700, 11.274028021424932]
      ]
    },
    {
      "observation": "rainRate",
      "label": "Taux de précipitations",
      "unit": " mm/h",
      "current": 0.0,
      "max": 1.0449635247524753,
      "maxTime": 1730897100,