{
  "report": {
    "time": 1730944200
  },
  "observations": [
    {
      "observation": "outTemp",
      "label": "Température extérieure",
      "unit": "°C",
      "current": 13.630000000000003,
      "min": 13.630000000000003,
      "minTime": 1730944200,
      "max": 22.112000000000005,
      "maxTime": 1730919900,
      "graph": [
        [1730857800, 17.017833333333332],
        [1730861400, 17.191000000000003],
        [1730865000, 17.561666666666664],
        [1730868600, 17.684874999999998],
        [1730872200, 17.217708333333334],
        [1730875800, 16.97416666666666],
        [1730879400, 16.980999999999998],
        [1730883000, 17.067833333333336],
        [1730886600, 17.227500000000003],
        [1730890200, 18.11683333333333],
        [1730893800, 18.91116666666667],
        [1730897400, 20.2005],
        [1730901000, 20.204833333333337],
        [1730904600, 20.9365],
        [1730908200, 21.170249999999996],
        [1730911800, 21.52875],
        [1730915400, 21.669458333333335],
        [1730919000, 21.048361111111113],
        [1730922600, 20.219638888888884],
        [1730926200, 19.38120833333333],
        [1730929800, 18.45619444444445],
        [1730933400, 16.63975],
        [1730937000, 15.868791666666667],
        [1730940600, 14.776375000000002]
      ]
    },
    {
      "observation": "appTemp",
      "label": "Température ressentie",
      "unit": "°C",
      "current": 13.119881772170979,
      "min": 13.119881772170979,
      "minTime": 1730944200,
      "max": 23.09942432459449,
      "maxTime": 1730909100,
      "graph": [
        [1730857800, 16.46699299907319],
        [1730861400, 16.532330735801462],
        [1730865000, 16.92322014863939],
        [1730868600, 17.327949149243583],
        [1730872200, 17.03756500309143],
        [1730875800, 16.65939090423549],
        [1730879400, 16.612364505720493],
        [1730883000, 16.467181320176188],
        [1730886600, 16.719395914131653],
        [1730890200, 17.96042279457326],
        [1730893800, 18.818980678706737],
        [1730897400, 20.707979366385683],
        [1730901000, 20.602910130152516],
        [1730904600, 21.612039049343906],
        [1730908200, 22.11344890315482],
        [1730911800, 22.278478977644774],
        [1730915400, 21.22160161181747],
        [1730919000, 20.390305706169862],
        [1730922600, 19.552519003113737],
        [1730926200, 18.6229555954082],
        [1730929800, 17.727971200169428],
        [1730933400, 15.592067422662868],
        [1730937000, 14.980749898102285],
        [1730940600, 14.279062231126057]
      ]
    },
    {
      "observation": "outHumidity",
      "label": "Humidité extérieure",
      "unit": "%",
      "current": 77.256,
      "min": 55.096000000000004,
      "minTime": 1730925000,
      "max": 80.79400000000001,
      "maxTime": 1730889000,
      "graph": [
        [1730857800, 77.9175],
        [1730861400, 77.26033333333334],
        [1730865000, 76.014],
        [1730868600, 75.88158333333332],
        [1730872200, 77.84879166666666],
        [1730875800, 78.90516666666666],
        [1730879400, 79.40033333333334],
        [1730883000, 79.705],
        [1730886600, 80.1105],
        [1730890200, 77.8305],
        [1730893800, 76.77316666666667],
        [1730897400, 77.14491666666666],
        [1730901000, 78.74900000000001],
        [1730904600, 76.60520833333332],
        [1730908200, 76.49470833333334],
        [1730911800, 69.10395833333332],
        [1730915400, 60.47954166666667],
        [1730919000, 59.16286111111111],
        [1730922600, 57.36636111111111],
        [1730926200, 57.262791666666665],
        [1730929800, 60.54609722222222],
        [1730933400, 68.124125],
        [1730937000, 67.62895833333333],
        [1730940600, 72.33604166666667]
      ]
    },
    {
      "observation": "windDir",
      "label": "Direction du vent",
      "unit": "°",
      "current": 42.546125898038746,
      "currentCompass": "NE",
      "avg": 231.56690663393445,
      "avgCompass": "SO",
      "avgLabel": "généralement",
      "graph": [
        [1730857800, 175.01606351590976],
        [1730861400, 178.15228946325428],
        [1730865000, 184.03906179335084],
        [1730868600, 194.2721511571713],
        [1730872200, 188.4899037194157],
        [1730875800, 192.03610035060638],
        [1730879400, 186.35261112165892],
        [1730883000, 183.9951301910937],
        [1730886600, 182.67540033901957],
        [1730890200, 194.09488490608598],
        [1730893800, 210.2290508294559],
        [1730897400, 245.0022889988529],
        [1730901000, 258.04876956128413],
        [1730904600, 253.6412299056869],
        [1730908200, 251.17870150331177],
        [1730911800, 288.96769480176073],
        [1730915400, 297.16869524265],
        [1730919000, 301.4671292921345],
        [1730922600, 305.50020286530463],
        [1730926200, 310.53985388091274],
        [1730929800, 317.6070354129567],
        [1730933400, 326.3577944779342],
        [1730937000, 318.3097877990476],
        [1730940600, 151.77990659555348]
      ]
    },
    {
      "observation": "windSpeed",
      "label": "Vitesse du vent",
      "unit": " km/h",
      "current": 2.4735061478618574,
      "min": 0.9234022951023403,
      "minTime": 1730943000,
      "max": 11.387416058351215,
      "maxTime": 1730903700,
      "graph": [
        [1730857800, 7.855320864182662],
        [1730861400, 8.47324974346637],
        [1730865000, 8.551543968870316],
        [1730868600, 7.259503897421628],
        [1730872200, 6.250799425036677],
        [1730875800, 6.8939374858502305],
        [1730879400, 7.344866631283745],
        [1730883000, 8.781571005905885],
        [1730886600, 8.706764659712078],
        [1730890200, 7.62898011001674],
        [1730893800, 8.311024081443833],
        [1730897400, 7.735017983308674],
        [1730901000, 8.947971646705875],
        [1730904600, 8.073783231783993],
        [1730908200, 7.112848383258931],
        [1730911800, 5.5795040884065275],
        [1730915400, 8.258569978325673],
        [1730919000, 7.785673894072196],
        [1730922600, 5.877094654535297],
        [1730926200, 5.141532814099251],
        [1730929800, 4.922708860057633],
        [1730933400, 6.672056908584327],
        [1730937000, 4.643128095292154],
        [1730940600, 2.552097489564734]
      ]
    },
    {
      "observation": "windGust",
      "label": "Vitesse des rafales",
      "unit": " km/h",
      "current": 7.416018432400861,
      "min": 5.724014226950179,
      "minTime": 1730941200,
      "max": 28.26007023997415,
      "maxTime": 1730903100,
      "graph": [
        [1730857800, 14.2050353063989],
        [1730861400, 16.85104188300794],
        [1730865000, 16.875041942659728],
        [1730868600, 15.18903775212199],
        [1730872200, 12.417030862341086],
        [1730875800, 14.700036536716917],
        [1730879400, 13.566033718170182],
        [1730883000, 17.574043680017894],
        [1730886600, 16.03503985484733],
        [1730890200, 14.856036924453505],
        [1730893800, 17.619043791864993],
        [1730897400, 18.207045253333668],
        [1730901000, 22.278055371767312],
        [1730904600, 20.265050368474036],
        [1730908200, 18.648046349435173],
        [1730911800, 14.16303520200828],
        [1730915400, 18.1920452160513],
        [1730919000, 16.9110420321374],
        [1730922600, 13.326033121652356],
        [1730926200, 11.973029758783106],
        [1730929800, 11.424028394248575],
        [1730933400, 15.711039049548264],
        [1730937000, 10.887027059539935],
        [1730940600, 7.671019066201053]
      ]
    },
    {
      "observation": "rainRate",
      "label": "Taux de précipitations",
      "unit": " mm/h",
      "current": 0.0,
      "max": 1.0449635247524753,
      "maxTime": 1730897100,