{
  "report": {
    "time": 1727755200
  },
  "observations": [
    {
      "observation": "outTemp",
      "label": "Température extérieure",
      "unit": "°C",
      "min": -4.01,
      "minTime": 1730109852,
      "max": 25.69,
      "maxTime": 1730403177,
      "avg": 10.447459030303028,
      "graph": [
        [1729656000, 18.481952380952396],
        [1729742400, 19.154342624854802],
        [1729828800, 8.923782634032623],
        [1729915200, 6.030756944444436],
        [1730001600, 8.110758680555573],
        [1730088000, 3.570304398148174],
        [1730174400, 0.47650945626477337],
        [1730260800, 5.959924768518536],
        [1730347200, 15.158736689814813],
        [1730433600, 21.80659175377464]
      ]
    },
    {
      "observation": "outHumidity",
      "label": "Humidité extérieure",
      "unit": "%",
      "min": 26.18,
      "minTime": 1730147400,
      "max": 99.99,
      "maxTime": 1730260828,
      "avg": 69.76300078787878,
      "graph": [
        [1729656000, 71.96983531746037],
        [1729742400, 68.76597386759583],
        [1729828800, 75.22480885780884],
        [1729915200, 76.49515335648144],
        [1730001600, 69.74685300925928],
        [1730088000, 59.69113657407408],
        [1730174400, 56.32419976359337],
        [1730260800, 69.59209143518518],
        [1730347200, 86.64964641203696],
        [1730433600, 63.82369337979096]
      ]
    },
    {
      "observation": "windDir",
      "label": "Direction du vent",
      "unit": "°",
      "min": 0.0,
      "minTime": 1729607914,
      "max": 359.21952430360676,
      "maxTime": 1730137200,
      "avg": 235.92734920650142,
      "graph": [
        [1729656000, 218.8308130354804],
        [1729742400, 231.12432024780307],
        [1729828800, 278.19718613717396],
        [1729915200, 252.68100100605326],
        [1730001600, 279.1271556084472],
        [1730088000, 292.0742107675117],
        [1730174400, 233.26554945562518],
        [1730260800, 141.78100878754927],
        [1730347200, 183.00585578944634],
        [1730433600, 242.40578891761416]
      ]
    },
    {
      "observation": "windSpeed",
      "label": "Vitesse du vent",
      "unit": " km/h",
      "min": 0.0,
      "minTime": 1729605182,
      "max": 12.871796698536997,
      "maxTime": 1730430000,
      "avg": 3.2873670762344087,
      "graph": [
        [1729656000, 1.5832399940177697],
        [1729742400, 2.879957041825144],
        [1729828800, 1.471569840591756],
        [1729915200, 1.028739247880553],
        [1730001600, 3.372207389552919],
        [1730088000, 3.2607243119881835],
        [1730174400, 1.5627864614663742],
        [1730260800, 3.6647437239765357],
        [1730347200, 7.152082656646975],
        [1730433600, 6.147473966959938]
      ]
    },
    {
      "observation": "windGust",
      "label": "Vitesse des rafales",
      "unit": " km/h",
      "min": 0.0,
      "minTime": 1729854300,
      "max": 31.21207757714343,
      "maxTime": 1730430000,
      "avg": 8.709770011637069,
      "graph": [
        [1729656000, 5.772582395002894],
        [1729742400, 8.901931533280754],
        [1729828800, 4.5489763413764495],
        [1729915200, 3.8930096760162543],
        [1730001600, 9.780149308412152],
        [1730088000, 8.928647192016603],
        [1730174400, 4.1608929041135205],
        [1730260800, 9.131897697192638],
        [1730347200, 15.214537815502013],
        [1730433600, 15.43601049140451]
      ]
    },
    {
      "observation": "rainRate",
      "label": "Taux de précipitations",
      "unit": " mm/h",
      "min": 0.0,
      "minTime": 1729605137,
      "max": 6.262744,
      "maxTime": 1730257351,
      "avg": 0.05209872259139881,
      "graph": [
        [1729656000, 0.0],
        [1729742400, 4.313003999999999],
        [1729828800, 0.0],
        [1729915200, 0.533572000000001],
        [1730001600, 1.6894360000000033],
        [1730088000, 0.0],
        [1730174400, 0.0],
        [1730260800, 6.262744],
        [1730347200, 1.193904],
        [1730433600, 0.565376]
      ]
    },
    {
      "observation": "rain",
      "label": "Précipitations",
      "unit": " mm",
      "min": 0.0,
      "minTime": 1729605150,
      "max": 0.889598,
      "maxTime": 1729721400,
      "avg": 0.004354614181818181,
      "graph": [
        [1729656000, 0.0],
        [1729742400, 4.1427249999999995],
        [1729828800, 0.0],
        [1729915200, 0.133393],
        [1730001600, 0.7282700000000002],
        [1730088000, 0.0],
        [1730174400, 0.0],
        [1730260800, 6.064667000000001],
        [1730347200, 0.4391760000000001],
        [1730433600, 0.4669579999999999]
      ]
    },
    {
      "observation": "lightning_strike_count",
      "label": "Nombre d’éclairs",
      "unit": "",
      "graph": []
    },
    {
      "observation": "lightning_distance",
      "label": "Distance des éclair",
      "unit": " km",
      "graph": []
    },
    {
      "observation": "barometer",
      "label": "Baromètre",
      "unit": " mbar",
      "min": 1002.2866580334824,
      "minTime": 1730428250,
      "max": 1033.299469957905,
      "maxTime": 1730124787,
      "avg": 1019.056704513544,
      "graph": [
        [1729656000, 1020.5249722320003],
        [1729742400, 1009.9996066602431],
        [1729828800, 1017.5393565751416],
        [1729915200, 1018.7813332334345],
        [1730001600, 1016.239840412616],
        [1730088000, 1024.1984995268522],
        [1730174400, 1031.2229587291106],
        [1730260800, 1027.0899630728704],
        [1730347200, 1017.0677775480709],
        [1730433600, 1008.6899980872937]
      ]
    },
    {
      "observation": "UV",
      "label": "Indice UV",
      "unit": "",
      "min": 0.0,
      "minTime": 1729634481,
      "max": 3.33,
      "maxTime": 1729700823,
      "avg": 0.42528042424242424,
      "graph": [
        [1729656000, 2.57],
        [1729742400, 3.33],
        [1729828800, 3.22],
        [1729915200, 2.73],
        [1730001600, 2.97],
        [1730088000, 2.93],
        [1730174400, 2.47],
        [1730260800, 1.83],
        [1730347200, 1.97],
        [1730433600, 2.07]
      ]
    },
    null
  ]
}
