{
  "report": {
    "time": 1730606400
  },
  "observations": [
    {
      "observation": "outTemp",
      "label": "Température extérieure",
      "unit": "°C",
      "min": -3.419999999999999,
      "minTime": 1730632615,
      "max": 7.320000000000001,
      "maxTime": 1730751141,
      "avg": 1.4977547528517319,
      "graph": [
        [1730610000, -1.981833333333333],
        [1730617200, -2.0977361111111117],
        [1730620800, -2.4018750000000013],
        [1730624400, -2.5827083333333336],
        [1730628000, -2.433500000000001],
        [1730631600, -2.7285000000000004],
        [1730635200, -3.232333333333334],
        [1730638800, -1.8038333333333334],
        [1730642400, 0.8356666666666691],
        [1730646000, 1.715124999999998],
        [1730649600, 2.8964999999999974],
        [1730653200, 3.7033333333333314],
        [1730656800, 4.790583333333333],
        [1730660400, 5.587458333333334],
        [1730664000, 6.264666666666668],
        [1730667600, 5.6395],
        [1730671200, 2.67138888888889],
        [1730674800, 0.9858333333333312],
        [1730678400, 0.342999999999998],
        [1730682000, -0.08141666666666739],
        [1730685600, -0.5698333333333336],
        [1730689200, -0.9534583333333322],
        [1730692800, -1.614958333333334],
        [1730696400, -1.2868333333333324],
        [1730700000, -1.0223333333333329],
        [1730703600, 0.11266666666666461],
        [1730707200, -0.5703333333333344],
        [1730710800, -0.35958333333333314],
        [1730714400, 0.04512499999999796],
        [1730718000, 0.4697500000000016],
        [1730721600, 0.5575000000000013],
        [1730725200, 0.8739999999999999],
        [1730728800, 1.1439583333333343],
        [1730732400, 2.572000000000002],
        [1730736000, 3.8302499999999995],
        [1730739600, 5.048208333333335],
        [1730743200, 5.451958333333333],
        [1730746800, 5.881166666666668],
        [1730750400, 6.751291666666665],
        [1730754000, 7.249625000000002],
        [1730757600, 7.01329166666667],
        [1730761200, 5.927958333333332],
        [1730764800, 6.1303]
      ]
    },
    {
      "observation": "outHumidity",
      "label": "Humidité extérieure",
      "unit": "%",
      "min": 47.41,
      "minTime": 1730662427,
      "max": 95.01,
      "maxTime": 1730764038,
      "avg": 77.72578295310518,
      "graph": [
        [1730610000, 87.54225000000001],
        [1730617200, 88.42823611111112],
        [1730620800, 89.71941666666667],
        [1730624400, 90.290125],
        [1730628000, 87.92533333333334],
        [1730631600, 89.346],
        [1730635200, 91.43295833333333],
        [1730638800, 85.52866666666667],
        [1730642400, 75.04966666666667],
        [1730646000, 70.11608333333334],
        [1730649600, 63.45216666666667],
        [1730653200, 59.84116666666667],
        [1730656800, 55.906597222222224],
        [1730660400, 51.42520833333333],
        [1730664000, 49.34033333333333],
        [1730667600, 52.410666666666664],
        [1730671200, 67.28136111111111],
        [1730674800, 74.85633333333334],
        [1730678400, 81.40333333333332],
        [1730682000, 83.89483333333334],
        [1730685600, 84.72383333333333],
        [1730689200, 85.26716666666667],
        [1730692800, 87.96125],
        [1730696400, 87.22433333333333],
        [1730700000, 87.74316666666668],
        [1730703600, 83.00916666666666],
        [1730707200, 88.9255],
        [1730710800, 88.20058333333333],
        [1730714400, 85.93895833333333],
        [1730718000, 81.94430555555556],
        [1730721600, 83.83116666666668],
        [1730725200, 82.81383333333333],
        [1730728800, 84.65729166666667],
        [1730732400, 78.0005],
        [1730736000, 71.5715],
        [1730739600, 66.68583333333333],
        [1730743200, 69.738375],
        [1730746800, 72.47233333333334],
        [1730750400, 66.77275],
        [1730754000, 61.30408333333333],
        [1730757600, 62.28954166666667],
        [1730761200, 85.993375],
        [1730764800, 91.55080000000001]
      ]
    },
    {
      "observation": "windDir",
      "label": "Direction du vent",
      "unit": "°",
      "min": 0.0,
      "minTime": 1730640742,
      "max": 359.13413800075347,
      "maxTime": 1730747100,
      "avg": 192.9931903468061,
      "graph": [
        [1730610000, 273.78012823687783],
        [1730617200, 249.91708656449293],
        [1730620800, 252.9217283935434],
        [1730624400, 244.99632540962588],
        [1730628000, 254.37992458102988],
        [1730631600, 235.2476062483038],
        [1730635200, 228.70316544520233],
        [1730638800, 247.9208382321756],
        [1730642400, 293.1056029798519],
        [1730646000, 157.3094055892063],
        [1730649600, 273.43098434143144],
        [1730653200, 277.59630676433727],
        [1730656800, 256.52362338883773],
        [1730660400, 317.0079740369523],
        [1730664000, 252.95515834975947],
        [1730667600, 272.2083245237115],
        [1730671200, 202.69676735202418],
        [1730674800, 196.8720896887061],
        [1730678400, 190.52383755747906],
        [1730682000, 187.7394423419255],
        [1730685600, 191.50326251194355],
        [1730689200, 177.09051126462995],
        [1730692800, 222.7687376982483],
        [1730696400, 132.16993206296792],
        [1730700000, 159.44200130762093],
        [1730703600, 149.65170668708208],
        [1730707200, 217.17047422700514],
        [1730710800, 216.0188404077159],
        [1730714400, 164.55456757431182],
        [1730718000, 142.71031178893483],
        [1730721600, 256.64320118015087],
        [1730725200, 135.36651499386616],
        [1730728800, 106.01349193145238],
        [1730732400, 86.35271007435894],
        [1730736000, 33.927961437366044],
        [1730739600, 69.89875518037341],
        [1730743200, 65.18224399923272],
        [1730746800, 124.7850665646579],
        [1730750400, 181.2524510213788],
        [1730754000, 138.47411708800067],
        [1730757600, 158.49399107336816],
        [1730761200, 122.58456301797109],
        [1730764800, 127.80159182952654]
      ]
    },
    {
      "observation": "windSpeed",
      "label": "Vitesse du vent",
      "unit": " km/h",
      "min": 0.0,
      "minTime": 1730606644,
      "max": 7.548018760485669,
      "maxTime": 1730652000,
      "avg": 1.7778674020653273,